{
  "model": "Qwen/Qwen2-1.5B",
  "probes": [
    "math",
    "eq",
    "json"
  ],
  "total_layers": 28,
  "universal_layers": [
    1,
    10,
    17
  ],
  "probe_specific_layers": {
    "math": [
      4,
      7,
      18
    ],
    "eq": [
      9,
      13
    ],
    "json": [
      2,
      21
    ]
  },
  "correlation_matrix": [
    [
      1.0,
      0.39051897050858125,
      0.4204975854454733
    ],
    [
      0.39051897050858125,
      1.0,
      0.7923919180190012
    ],
    [
      0.4204975854454733,
      0.7923919180190013,
      1.0
    ]
  ],
  "per_probe": [
    {
      "probe": "math",
      "baseline": 4.04252459097188,
      "top_layers": [
        1,
        7,
        11,
        18,
        22,
        27,
        17,
        4,
        5,
        10
      ],
      "ablation_deltas": [
        0.2336041968083009,
        1.7131130496127298,
        0.26557383546605706,
        0.31538174056913704,
        0.4110728190280497,
        -0.3868176357354969,
        -0.16529645217815414,
        1.3647987704025581,
        -0.2677857930539176,
        -0.07055509358178824,
        0.33493471203837544,
        0.7962551433593035,
        0.12689850002061576,
        0.24511664861347526,
        0.0963600481627509,
        0.3258724941406399,
        -0.03755452192854136,
        0.5306583037599921,
        0.7412561384262517,
        0.23915308399591595,
        0.24449844670016319,
        -0.12182003923226148,
        0.7249786186730489,
        -0.15683254902251065,
        0.19812623731559142,
        -0.04556344635784626,
        -0.020895192865282297,
        -0.5622832817643939
      ]
    },
    {
      "probe": "eq",
      "baseline": 4.69142303429544,
      "top_layers": [
        0,
        1,
        14,
        27,
        22,
        13,
        6,
        17,
        9,
        10
      ],
      "ablation_deltas": [
        2.0204911523032933,
        1.6826822720468044,
        0.3283207737840712,
        -0.030111766420304775,
        0.19059236207976937,
        -0.19581654574722052,
        0.6193704521283507,
        0.10855501983314753,
        0.2289883892517537,
        0.5762118292041123,
        0.5748621006496251,
        0.10423902235925198,
        -0.0815421687439084,
        -0.6220864932984114,
        1.2437272926326841,
        0.07335821725428104,
        -0.33002505637705326,
        0.5764686539769173,
        0.02926434762775898,
        -0.3834506683051586,
        0.052834450267255306,
        0.3053266378119588,
        0.8206720044836402,
        0.3493598122149706,
        -0.2928311647847295,
        -0.10261368891224265,
        -0.05556916352361441,
        -0.9186571289901622
      ]
    },
    {
      "probe": "json",
      "baseline": 5.7470125472173095,
      "top_layers": [
        1,
        0,
        6,
        5,
        11,
        14,
        2,
        10,
        21,
        17
      ],
      "ablation_deltas": [
        2.8397493604570627,
        3.679257817333564,
        1.0831541614606977,
        0.6576113114133477,
        0.6238497709855437,
        1.7311340644955635,
        1.8089558996725827,
        0.7291135657578707,
        0.6262484462931752,
        0.4970762273296714,
        1.0715042096562684,
        1.4249712210148573,
        -0.7006637121085078,
        0.03135478205513209,
        1.2600768823176622,
        0.08201797399669886,
        -0.5488676067907363,
        0.9304111651144922,
        0.14668120257556438,
        0.13557016721460968,
        -0.16464548790827394,
        1.05227612843737,
        0.657777382992208,
        0.45075056818313897,
        0.5917226466117427,
        0.2833613147959113,
        -0.016957559273578227,
        -0.7567453984520398
      ]
    }
  ]
}